[
    {
        "user_name" : "Yahoo Baba",
        "user_email" : "yahoobaba@gmail.com",
        "user_subject" : "yahoo test subject",
        "user_message" : "Yahoo Baba message"
    },
    {
        "user_name" : "Shahrukh Khan",
        "user_email" : "shahrukha@gmail.com",
        "user_subject" : "best test subject",
        "user_message" : "this best option for database message"
    },
    {
        "user_name" : "Salman Khan",
        "user_email" : "salman@gmail.com",
        "user_subject" : "runnin test subject",
        "user_message" : "this dummy message"
    },
    {
        "user_name" : "Akshey Kumar",
        "user_email" : "akshey@gmail.com",
        "user_subject" : "ak to test subject",
        "user_message" : "message to akshye message"
    }

 

]